"names","gender"
"A.",NA
"Aaron","male"
"Aarti","female"
"Aartik",NA
"Abby","female"
"Ada","female"
"Adalie","female"
"Adam","male"
"Adolph","male"
"Adriana","female"
"Afshan","female"
"Ahmed","male"
"Ainsley","female"
"Airadion",NA
"Airiau",NA
"Akihisa","male"
"Aleena","female"
"Alexa","female"
"Alexander","male"
"Alexandra","female"
"Alexis","female"
"Alicia","female"
"Alisa","female"
"Alison","female"
"Allison","female"
"Allyson","female"
"Alysia","female"
"Alyssa","female"
"Amanda","female"
"Amber","female"
"Ami","female"
"Amit","male"
"Amrali","male"
"Amy","female"
"Ana","female"
"Anabela","female"
"Anahita","female"
"Anastasia","female"
"Andrea","female"
"Andreas","male"
"Andrew","male"
"Angela","female"
"Angelica","female"
"Anjali","female"
"Anjum","female"
"Ann","female"
"Anna","female"
"Anne","female"
"Annebel","female"
"Annemarie","female"
"Anthony","male"
"Antonietta","female"
"Antonis","male"
"April","female"
"Arame","female"
"Ari","male"
"Arianna","female"
"Arme","female"
"Arthur","male"
"Asaad","male"
"Asha","female"
"Ashley","female"
"Asmi","female"
"Aster","female"
"Asya","female"
"Atany",NA
"Athar","male"
"Atsushi","male"
"Attila","male"
"Audrey","female"
"Avni","female"
"Ayhan","male"
"Azeezat","female"
"Barbara","female"
"Bernadette","female"
"Bernida","female"
"Beth","female"
"Bharat","male"
"Bishnu","male"
"Blair","male"
"Bradie","female"
"Brandi","female"
"Brenda","female"
"Brian","male"
"Britain","male"
"Bronislava","female"
"Brooke","female"
"Bryan","male"
"Burcu","female"
"Caitlin","female"
"Cameron","male"
"Camille","female"
"Carl","male"
"Carlene","female"
"Carlos","male"
"Carly","female"
"Carol","female"
"Carolina","female"
"Caroline","female"
"Carolyn","female"
"Carrie","female"
"Casey","male"
"Cashel","male"
"Catharine","female"
"Catherine","female"
"Celion","male"
"Cezanne","female"
"Chandy","female"
"Charles","male"
"Chase","male"
"Chelby","female"
"Cheri","female"
"Cheryl","female"
"Chimwemwe","female"
"Chris","male"
"Christa","female"
"Christian","male"
"Christie","female"
"Christina","female"
"Christine","female"
"Christopher","male"
"Cindy","female"
"Clare","female"
"Claudia","female"
"Clifford","male"
"Colleen","female"
"Consiglia","female"
"Constance","female"
"Consuela","female"
"Coral","female"
"Cori","female"
"Corliss","female"
"Courtney","female"
"Cristin","female"
"Cristina","female"
"Crystal","female"
"Cynthia","female"
"Dalena","female"
"Damaris","female"
"Dan","male"
"Daniel","male"
"Danielle","female"
"Danita","female"
"Darlaine","female"
"David","male"
"Deanne","female"
"Debbie","female"
"Debora","female"
"Deborah","female"
"Debra","female"
"Deepak","male"
"Dena","female"
"Denise","female"
"Derek","male"
"Devin","male"
"Diana","female"
"Diane","female"
"Dianne","female"
"Dipayan","male"
"Djawid","male"
"Dmitriy","male"
"Dolores","female"
"Dominic","male"
"Dongxiao",NA
"Donna","female"
"Doreen","female"
"Doreida","female"
"Doris","female"
"Dorothea","female"
"Dorothy","female"
"Douglas","male"
"Drupatee",NA
"Eddie","male"
"Edulia",NA
"Edward","male"
"Edwin","male"
"Eileen","female"
"Elaine","female"
"Elayne","female"
"Eleanor","female"
"Elena","female"
"Eliot","male"
"Elisa","female"
"Elizabeth","female"
"Elsia","female"
"Emebet","female"
"Emilienne","female"
"Emily","female"
"Emma","female"
"Emmalie","female"
"Emmanuella","female"
"Eric","male"
"Erica","female"
"Erika","female"
"Erin","female"
"Ermithe",NA
"Eugene","male"
"Evangeline","female"
"Evelyn","female"
"Evelyne","female"
"Faisal","male"
"Farhad","male"
"Farouc","male"
"Farouk","male"
"Fletcher","male"
"Frances","female"
"Fumito","male"
"Gail","female"
"Gary","male"
"Gaurav","male"
"Gaurdia","female"
"Gent","male"
"George","male"
"Gerald","male"
"Geraldine","female"
"Gerard","male"
"Gerasimos","male"
"Giancarlo","male"
"Gina","female"
"Giuliana","female"
"Gloria","female"
"Godtfred","male"
"Grace","female"
"Greg","male"
"Gregory","male"
"Gretchen","female"
"Gus","male"
"Guy","male"
"Haibo","male"
"Halary","female"
"Hanna","female"
"Hanz","male"
"Harriet","female"
"Harrison","male"
"Harry","male"
"Heather","female"
"Hector","male"
"Heidi","female"
"Helen","female"
"Henry","male"
"Homa","female"
"Hovig","male"
"Howard","male"
"Hu","male"
"Humberto","male"
"Ibrahim","male"
"Ido","male"
"Ignacio","male"
"Igor","male"
"Iiro","male"
"Ik-Kyung",NA
"Ilse","female"
"Ilza","female"
"Ingrid","female"
"Irene","female"
"Irina","female"
"Jacinda","female"
"Jacob","male"
"Jacqueline","female"
"Jagmeet","male"
"Jaimie","female"
"Jalisa","female"
"James","male"
"Jamie","female"
"Jan","female"
"Jana","female"
"Jane","female"
"Janel","female"
"Janet","female"
"Janice","female"
"Janina","female"
"Jared","male"
"Jasmine","female"
"Jason","male"
"Jean","female"
"Jeanine","female"
"Jeanne","female"
"Jeannette","female"
"Jeffery","male"
"Jeffrey","male"
"Jenilton",NA
"Jennifer","female"
"Jenny","female"
"Jeremy","male"
"Jerene","female"
"Jesse","male"
"Jessic","female"
"Jessica","female"
"Jiangchuan",NA
"Jianping","female"
"Jie","male"
"Jillian","female"
"Jing-Ruey","female"
"Jingsi","female"
"Joann","female"
"Joanne","female"
"Jodi","female"
"Johan","male"
"John","male"
"Jonathan","male"
"Jordan","male"
"Jose","male"
"Josee","female"
"Joseph","male"
"Joshua","male"
"Joyce","female"
"Juan","male"
"Judith","female"
"Judy","female"
"Julia","female"
"Juliann","female"
"Julie","female"
"Julie-Leah","female"
"Jun","male"
"Junjira",NA
"Justin","male"
"Justine","female"
"Kara","female"
"Karen","female"
"Karin","female"
"Karissa","female"
"Karolyn","female"
"Kasra","male"
"Kate","female"
"Katelyn","female"
"Katharine","female"
"Katherine","female"
"Kathleen","female"
"Kathryn","female"
"Kathy","female"
"Katie","female"
"Kayla","female"
"Kaylan","female"
"Kelli","female"
"Kelly","female"
"Kelsey","female"
"Kenia","female"
"Kenneth","male"
"Kenta","male"
"Kerri","female"
"Kerry","female"
"Kevin","male"
"Kibeom","male"
"Kichang","male"
"Kiely","female"
"Kim","female"
"Kimberly","female"
"Kjersten","female"
"Kristen","female"
"Kristie","female"
"Kristin","female"
"Kristine","female"
"Kristyn","female"
"Krystal","female"
"Kwanghyun","male"
"Kyle","male"
"Kym","female"
"Lanqi",NA
"Laura","female"
"Lauren","female"
"Laurie","female"
"Leann","female"
"Leanne","female"
"Leigh","female"
"Leila","female"
"Leon","male"
"Lesa","female"
"Leslie","female"
"Lina","female"
"Linda","female"
"Lindsay","female"
"Lindsey","female"
"Linette","female"
"Ling","female"
"Lisa","female"
"Lisete","female"
"Long","male"
"Lori","female"
"Louis","male"
"Lucia","female"
"Lucille","female"
"Lucy","female"
"Luis","male"
"Lukasz","male"
"Luke","male"
"Luz","female"
"Lynda","female"
"Lynn","female"
"Lynne","female"
"Madeleine","female"
"Madelyn","female"
"Mai","female"
"Mairead","female"
"Malissa","female"
"Mallia","female"
"Mandy","female"
"Marc","male"
"Marcelino","male"
"Marcello","male"
"Marcos","male"
"Marcus","male"
"Margaret","female"
"Marguerita","female"
"Maria","female"
"Marian","female"
"Mariann","female"
"Marianne","female"
"Marie","female"
"Marielle","female"
"Marilyn","female"
"Marion","female"
"Marisa","female"
"Marisol","female"
"Marissa","female"
"Marjorie","female"
"Mark","male"
"Martha","female"
"Martin","male"
"Mary","female"
"Maryanne","female"
"Maryellen","female"
"MaryEtta","female"
"Maryjane","female"
"Maryssa","female"
"Masahiko","male"
"Matt","male"
"Matthew","male"
"Maulik","male"
"Maura","female"
"Maureen","female"
"May","female"
"Meagan","female"
"Meena","female"
"Megan","female"
"Meghan","female"
"Meka","female"
"Melanie","female"
"Melina","female"
"Melinda","female"
"Melissa","female"
"Melyssa","female"
"Meredith","female"
"Merideth","female"
"Mia","female"
"Michael","male"
"Micheal","male"
"Michele","female"
"Michelle","female"
"Miguel","male"
"Min-Young",NA
"Minchao",NA
"Mindy","female"
"Miranda","female"
"Mohammed","male"
"Monica","female"
"Monique","female"
"Morgan","female"
"Moshe","male"
"Moussa","male"
"Muthiah","male"
"Myrlene","female"
"Nadia","female"
"Nadine","female"
"Nancy","female"
"Nandita","female"
"Natasha","female"
"Nathalie","female"
"Nathaly","female"
"Nathan","male"
"Neal","male"
"Neha","female"
"Nicholas","male"
"Nichole","female"
"Nicole","female"
"Nina","female"
"Nitasha","female"
"Noelle","female"
"Norine","female"
"Norma","female"
"Nuralima",NA
"Ofelia","female"
"Oliath",NA
"Omar","male"
"Omid","male"
"Oyere","female"
"P.",NA
"Pamela","female"
"Pamelia","female"
"Paresh","male"
"Parth","male"
"Parul","female"
"Pascal","male"
"Patricia","female"
"Patrick","male"
"Paul","male"
"Paula","female"
"Peggy","female"
"Perry","male"
"Peter","male"
"Philip","male"
"Philipp","male"
"Phinehas","male"
"Ping","female"
"Poonam","female"
"Pradeep","male"
"Prapatpong",NA
"Prem","male"
"Rachel","female"
"Rajeev","male"
"Rajiv","male"
"Ralph","male"
"Rameh","female"
"Ramon","male"
"Randall","male"
"Raquia","female"
"Ravi","male"
"Raymond","male"
"Raz","male"
"Rebecca","female"
"Rebekah","female"
"Reena","female"
"Regina","female"
"Renee","female"
"Richard","male"
"Rita","female"
"Robert","male"
"Robin","female"
"Robrecht","male"
"Robyn","female"
"Rocco","male"
"Rodney","male"
"Roman","male"
"Ronen","male"
"Rory","male"
"Roseline","female"
"Rosemary","female"
"Ross","male"
"Ruth","female"
"Ryan","male"
"Sabina","female"
"Sally","female"
"Samantha","female"
"Sammy","male"
"Samuel","male"
"Samuelle","male"
"Sandeep","male"
"Sandra","female"
"Sanjeev","male"
"Saowaluk","female"
"Sara","female"
"Sara-Beth","female"
"Sarah","female"
"Scott","male"
"Sean","male"
"Sebastian","male"
"Sekar","female"
"Serguei","male"
"Seth","male"
"Shadi","male"
"Shahyaan",NA
"Shankha","male"
"Shanna","female"
"Shannon","female"
"Sharon","female"
"Shawn","male"
"Sheila","female"
"Sherley","female"
"Sherrin","female"
"Sherry","female"
"Shiriram",NA
"Shirley","female"
"Shmuel","male"
"Shreya","female"
"Simone","female"
"Sining",NA
"Sioban","female"
"Sonal","female"
"Sonya","female"
"Stacey","female"
"Stamatiki",NA
"Stanley","male"
"Stephanie","female"
"Stephen","male"
"Steven","male"
"Sumita","female"
"Susan","female"
"Suzanne","female"
"Svetlana","female"
"Tae","male"
"Talha","male"
"Tammy","female"
"Tanya","female"
"Tara","female"
"Taryn","female"
"Tatiana","female"
"Taylor","female"
"Teresa","female"
"Terry","male"
"Tetsuya","male"
"Theofanie","female"
"Theresa","female"
"Therese","female"
"Thomas","male"
"Thoralf","male"
"Tim","male"
"Timothy","male"
"Tinamarie","female"
"Tinbit",NA
"Tomas","male"
"Tracie","female"
"Tracy","female"
"Trevor","male"
"Trinidad","male"
"Tuan-Anh","male"
"Tymothy","male"
"Uriah","male"
"Urszula","female"
"Van","male"
"Vanessa","female"
"Victoria","female"
"Vincenzo","male"
"Vipin","male"
"Virginia","female"
"Vivian","female"
"Walden","male"
"Wei","male"
"Wennie","female"
"Wilfred","male"
"William","male"
"Worosak",NA
"Xiang","male"
"Xin","female"
"Xinh-Xinh",NA
"Xu","male"
"Yafen","female"
"Yan","male"
"Yiyun","male"
"Yong","male"
"You","male"
"Youngnam","male"
"Yuejian",NA
"Yulana","female"
"Yvrose","female"
"Zachary","male"
"Zaida","female"